id,prompt,svg
fd61e324e0cec5c11f337d0bfe2858c8,"The image features two orange squares with a microphone icon and an arrow connecting them, set against a white background.","<svg xmlns=""http://www.w3.org/2000/svg"" viewBox=""0.0 0.0 200.0 200.0"" height=""200.0px"" width=""200.0px""><path fill=""#FF6A00"" fill-opacity=""1.0""  filling=""0"" d=""M93.30000305175781 21.20000457763672 L93.30000305175781 80.4000015258789 L21.20000457763672 80.4000015258789 L21.20000457763672 179.60000610351562 L120.4000015258789 179.60000610351562 L120.4000015258789 107.0999984741211 L179.10000610351562 107.0999984741211 L179.10000610351562 21.20000457763672 L93.30000305175781 21.20000457763672 Z M113.80000305175781 172.89999389648438 L27.900001525878906 172.89999389648438 L27.900001525878906 87.0999984741211 L113.69999694824219 87.0999984741211 L113.69999694824219 172.89999389648438 L113.80000305175781 172.89999389648438 Z M172.5 100.39999389648438 L120.4000015258789 100.39999389648438 L120.4000015258789 80.4000015258789 L100.0 80.4000015258789 L100.0 27.900001525878906 L172.5 27.900001525878906 L172.5 100.39999389648438 Z""></path>
<path fill=""#FF6A00"" fill-opacity=""1.0""  filling=""0"" d=""M143.79998779296875 44.20000457763672 C143.79998779296875 39.999996185302734 140.5 37.099998474121094 136.6999969482422 37.099998474121094 C132.5 37.099998474121094 129.60000610351562 40.40000534057617 129.60000610351562 44.20000457763672 L129.60000610351562 51.30000305175781 L144.20001220703125 51.30000305175781 L144.20001220703125 44.20000457763672 L143.79998779296875 44.20000457763672 Z M129.20001220703125 62.099998474121094 C129.20001220703125 66.30000305175781 132.5 69.19999694824219 136.3000030517578 69.19999694824219 C140.5 69.19999694824219 143.39999389648438 65.89999389648438 143.39999389648438 62.099998474121094 L143.39999389648438 55.0 L129.20001220703125 55.0 L129.20001220703125 62.099998474121094 Z""></path>
<path fill=""#FF6A00"" fill-opacity=""1.0""  filling=""0"" d=""M149.60000610351562 62.099998474121094 C149.60000610351562 68.80000305175781 144.60000610351562 74.19999694824219 138.39999389648438 75.0 L135.0 75.0 C128.8000030517578 74.19999694824219 123.80000305175781 68.80000305175781 123.80000305175781 62.099998474121094 L116.70000457763672 62.099998474121094 C116.70000457763672 71.69999694824219 123.80000305175781 80.0 133.0 81.69999694824219 L133.0 90.0 L139.6999969482422 90.0 L139.6999969482422 81.69999694824219 C148.89999389648438 80.0 155.89999389648438 72.10000610351562 155.89999389648438 62.099998474121094 L149.60000610351562 62.099998474121094 Z M92.9000015258789 53.79999923706055 L75.80000305175781 36.69999694824219 L75.0 35.80000305175781 L74.5999984741211 35.399993896484375 L74.19999694824219 35.80000305175781 L73.4000015258789 36.599998474121094 L70.9000015258789 39.10000228881836 L70.5 39.5 L70.9000015258789 40.29999923706055 L72.5999984741211 41.999996185302734 L81.80000305175781 51.20000076293945 L62.900001525878906 51.20000076293945 C47.89999771118164 52.0 36.19999694824219 64.5 36.19999694824219 79.0999984741211 L36.19999694824219 80.29999542236328 L42.400001525878906 80.29999542236328 L42.400001525878906 79.0999984741211 C42.400001525878906 67.79999542236328 51.599998474121094 58.29999923706055 62.80000305175781 57.400001525878906 L81.5999984741211 57.400001525878906 L72.39999389648438 66.60000610351562 L71.19999694824219 67.79999542236328 L70.80000305175781 68.5999984741211 L70.4000015258789 69.0 L70.80000305175781 69.4000015258789 L74.0999984741211 72.69999694824219 L74.5 73.0999984741211 L74.9000015258789 72.69999694824219 L78.69999694824219 68.9000015258789 L92.9000015258789 55.0 L93.30000305175781 54.599998474121094 C93.30000305175781 54.599998474121094 92.9000015258789 53.70000076293945 92.9000015258789 53.79999923706055 Z M43.29999542236328 100.39999389648438 L43.29999542236328 116.19999694824219 L51.20000076293945 116.19999694824219 L51.20000076293945 108.29999542236328 L67.0 108.29999542236328 L67.0 152.10000610351562 L59.10000228881836 152.10000610351562 L59.10000228881836 160.0 L82.9000015258789 160.0 L82.9000015258789 152.10000610351562 L75.0 152.10000610351562 L75.0 108.29999542236328 L90.80000305175781 108.29999542236328 L90.80000305175781 116.19999694824219 L98.69999694824219 116.19999694824219 L98.69999694824219 100.39999389648438 L43.29999542236328 100.39999389648438 Z""></path></svg>"
999b3d4d5a860725bf9528910b5612f3,A simple smiley face with a wide open mouth and straight eyes.,"<svg xmlns=""http://www.w3.org/2000/svg"" viewBox=""0.0 0.0 200.0 200.0"" height=""200.0px"" width=""200.0px""><path fill=""#040000"" fill-opacity=""1.0""  filling=""0"" d=""M100.3030014038086 11.76300048828125 C51.808998107910156 11.76300048828125 12.494003295898438 51.07899856567383 12.494003295898438 99.58000183105469 C12.494003295898438 148.0760040283203 51.808998107910156 187.39199829101562 100.3030014038086 187.39199829101562 C148.79600524902344 187.39199829101562 188.1230010986328 148.0749969482422 188.1230010986328 99.58000183105469 C188.12399291992188 51.07899856567383 148.79600524902344 11.76300048828125 100.3030014038086 11.76300048828125 Z M100.3270034790039 179.23300170898438 C56.3489990234375 179.23300170898438 20.697998046875 143.58099365234375 20.697998046875 99.60299682617188 C20.697998046875 55.624000549316406 56.3489990234375 19.972000122070312 100.3270034790039 19.972000122070312 C144.30599975585938 19.972000122070312 179.95599365234375 55.624000549316406 179.95599365234375 99.60299682617188 C179.95599365234375 143.58099365234375 144.30599975585938 179.23300170898438 100.3270034790039 179.23300170898438 Z""></path>
<path fill=""#040000"" fill-opacity=""1.0""  filling=""0"" d=""M71.59500122070312 88.59300231933594 C71.59500122070312 90.10299682617188 69.7969970703125 91.3270034790039 67.5790023803711 91.3270034790039 L67.5790023803711 91.3270034790039 C65.36299896240234 91.3270034790039 63.566001892089844 90.10299682617188 63.566001892089844 88.59300231933594 L63.566001892089844 65.69599914550781 C63.566001892089844 64.18699645996094 65.36299896240234 62.9630012512207 67.5790023803711 62.9630012512207 L67.5790023803711 62.9630012512207 C69.7969970703125 62.9630012512207 71.59500122070312 64.18699645996094 71.59500122070312 65.69599914550781 L71.59500122070312 88.59300231933594 Z""></path>
<path fill=""#040000"" fill-opacity=""1.0""  filling=""0"" d=""M137.052001953125 88.59300231933594 C137.052001953125 90.10299682617188 135.2550048828125 91.3270034790039 133.03700256347656 91.3270034790039 L133.03700256347656 91.3270034790039 C130.8209991455078 91.3270034790039 129.0229949951172 90.10299682617188 129.0229949951172 88.59300231933594 L129.0229949951172 65.69599914550781 C129.0229949951172 64.18699645996094 130.8209991455078 62.9630012512207 133.03700256347656 62.9630012512207 L133.03700256347656 62.9630012512207 C135.2550048828125 62.9630012512207 137.052001953125 64.18699645996094 137.052001953125 65.69599914550781 L137.052001953125 88.59300231933594 Z""></path>
<path fill=""#040000"" fill-opacity=""1.0""  filling=""0"" d=""M37.9640007019043 100.94599914550781 C39.01300048828125 134.48800659179688 66.51300048828125 161.35899353027344 100.30899810791016 161.35899353027344 C134.10400390625 161.35899353027344 161.60400390625 134.48800659179688 162.6540069580078 100.94599914550781 L37.9640007019043 100.94599914550781 Z M100.30899810791016 154.66600036621094 C71.1989974975586 154.66600036621094 46.61000061035156 130.51499938964844 46.61000061035156 107.62799835205078 L154.00799560546875 107.62799835205078 C151.3070068359375 130.82899475097656 129.41799926757812 154.66600036621094 100.30899810791016 154.66600036621094 Z""></path></svg>"
1aaa84517819c25f783ae1c0cb337fc5,"The image features a black-outlined icon of a camera against a white background. The camera has a rectangular shape with rounded edges, a large circular lens in the center, and a smaller oval-shaped button on the top right.","<svg xmlns=""http://www.w3.org/2000/svg"" viewBox=""0.0 0.0 200.0 200.0"" height=""200.0px"" width=""200.0px""><path fill=""currentColor"" fill-opacity=""1.0""  filling=""0"" d=""M158.593994140625 176.1719970703125 L41.40599822998047 176.1719970703125 C27.40599822998047 176.1719970703125 16.01599884033203 164.781005859375 16.01599884033203 150.781005859375 L16.01599884033203 72.65599822998047 C16.01599884033203 58.65599822998047 27.40599822998047 47.26599884033203 41.40599822998047 47.26599884033203 L55.30699920654297 47.26599884033203 C56.14799880981445 47.26599884033203 56.893001556396484 46.729000091552734 57.15999984741211 45.928001403808594 L61.40999984741211 33.178001403808594 A13.656999588012695 13.656999588012695 0.0 0 1 74.38099670410156 23.8280029296875 L125.61900329589844 23.8280029296875 C131.51400756835938 23.8280029296875 136.72500610351562 27.58599853515625 138.58999633789062 33.175994873046875 L142.83999633789062 45.928001403808594 A1.9550000429153442 1.9550000429153442 0.0 0 0 144.6929931640625 47.26599884033203 L158.593994140625 47.26599884033203 C172.593994140625 47.26599884033203 183.98399353027344 58.65599822998047 183.98399353027344 72.65599822998047 L183.98399353027344 150.781005859375 C183.98399353027344 164.781005859375 172.593994140625 176.1719970703125 158.593994140625 176.1719970703125 Z M41.40599822998047 58.98400115966797 C33.86900329589844 58.98400115966797 27.73400115966797 65.11900329589844 27.73400115966797 72.65599822998047 L27.73400115966797 150.781005859375 C27.73400115966797 158.3179931640625 33.86900329589844 164.4530029296875 41.40599822998047 164.4530029296875 L158.593994140625 164.4530029296875 C166.13099670410156 164.4530029296875 172.26600646972656 158.3179931640625 172.26600646972656 150.781005859375 L172.26600646972656 72.65599822998047 C172.26600646972656 65.11900329589844 166.13099670410156 58.98400115966797 158.593994140625 58.98400115966797 L144.6929931640625 58.98400115966797 A13.656999588012695 13.656999588012695 0.0 0 1 131.72300720214844 49.637001037597656 L131.72300720214844 49.6349983215332 L127.4729995727539 36.882999420166016 A1.9559999704360962 1.9559999704360962 0.0 0 0 125.61900329589844 35.5469970703125 L74.38099670410156 35.5469970703125 C73.53900146484375 35.5469970703125 72.79499816894531 36.08399963378906 72.5270004272461 36.8849983215332 L68.2770004272461 49.6349983215332 A13.656999588012695 13.656999588012695 0.0 0 1 55.30699920654297 58.98400115966797 L41.40599822998047 58.98400115966797 Z""></path>
<path fill=""currentColor"" fill-opacity=""1.0""  filling=""0"" d=""M100.0 148.8280029296875 C79.53700256347656 148.8280029296875 62.89099884033203 132.1820068359375 62.89099884033203 111.71900177001953 C62.89099884033203 91.25599670410156 79.53700256347656 74.60900115966797 100.0 74.60900115966797 C120.46299743652344 74.60900115966797 137.10899353027344 91.25599670410156 137.10899353027344 111.71900177001953 C137.10899353027344 132.1820068359375 120.46299743652344 148.8280029296875 100.0 148.8280029296875 Z M100.0 86.3280029296875 C86.0 86.3280029296875 74.60900115966797 97.71900177001953 74.60900115966797 111.71900177001953 C74.60900115966797 125.71900177001953 86.0 137.10899353027344 100.0 137.10899353027344 C114.0 137.10899353027344 125.39099884033203 125.71900177001953 125.39099884033203 111.71900177001953 C125.39099884033203 97.71900177001953 114.0 86.3280029296875 100.0 86.3280029296875 Z M154.68800354003906 82.4219970703125 L139.06199645996094 82.4219970703125 C135.8280029296875 82.4219970703125 133.2030029296875 79.79900360107422 133.2030029296875 76.56199645996094 C133.2030029296875 73.32599639892578 135.8280029296875 70.7030029296875 139.06199645996094 70.7030029296875 L154.68800354003906 70.7030029296875 C157.9219970703125 70.7030029296875 160.5469970703125 73.32599639892578 160.5469970703125 76.56199645996094 C160.5469970703125 79.79900360107422 157.9219970703125 82.4219970703125 154.68800354003906 82.4219970703125 Z""></path></svg>"
919a7da8bd44dc7781dbe87383a268cc,"The image displays a black icon with a photo-like rectangle containing a wavy line on the left side and a plus sign on the right side, all set against a transparent background.","<svg xmlns=""http://www.w3.org/2000/svg"" viewBox=""0.0 0.0 200.0 200.0"" height=""200.0px"" width=""200.0px""><path fill=""#333333"" fill-opacity=""1.0""  filling=""0"" d=""M139.99609375 119.06055450439453 L118.125 102.658203125 C114.810546875 100.173828125 110.19140625 100.173828125 106.87696075439453 102.658203125 L87.623046875 117.09571075439453 L61.953128814697266 96.560546875 C58.734375 93.984375 54.281253814697266 93.7890625 50.857425689697266 96.09375 L25.0 113.48046875 L25.0 43.75 L162.5 43.75 L162.5 112.5 C162.5 115.951171875 165.298828125 118.75 168.75 118.75 C172.201171875 118.75 175.0 115.951171875 175.0 112.5 L175.0 43.224609375 C175.0 36.62109375 169.62890625 31.25 163.025390625 31.25 L24.474609375 31.25 C17.87109375 31.25 12.5 36.62109375 12.5 43.224609375 L12.5 156.775390625 C12.5 163.37890625 17.87109375 168.75 24.474609375 168.75 L118.75 168.75 C122.201171875 168.75 125.0 165.951171875 125.0 162.5 C125.0 159.048828125 122.201171875 156.25 118.75 156.25 L25.0 156.25 L25.0 128.546875 L55.929683685302734 107.75 L87.37890625 132.90625 L112.5 114.0625 L132.49609375 129.05859375 C135.267578125 131.142578125 139.181640625 130.568359375 141.24609375 127.810546875 C143.31640625 125.048828125 142.7578125 121.130859375 139.99609375 119.06055450439453 Z""></path>
<path fill=""#333333"" fill-opacity=""1.0""  filling=""0"" d=""M112.5 75.0 C112.5 85.33984375 120.91015625 93.75 131.25 93.75 C141.58984375 93.75 150.0 85.33984375 150.0 75.0 C150.0 64.66015625 141.58984375 56.25 131.25 56.25 C120.91015625 56.25 112.5 64.66015625 112.5 75.0 Z M137.5 75.0 C137.5 78.4453125 134.6953125 81.25 131.25 81.25 C127.8046875 81.25 125.0 78.4453125 125.0 75.0 C125.0 71.5546875 127.8046875 68.75 131.25 68.75 C134.6953125 68.75 137.5 71.5546875 137.5 75.0 Z M181.25 150.0 L168.75 150.0 L168.75 137.5 C168.75 134.048828125 165.951171875 131.25 162.5 131.25 C159.048828125 131.25 156.25 134.048828125 156.25 137.5 L156.25 150.0 L143.75 150.0 C140.298828125 150.0 137.5 152.798828125 137.5 156.25 C137.5 159.701171875 140.298828125 162.5 143.75 162.5 L156.25 162.5 L156.25 175.0 C156.25 178.451171875 159.048828125 181.25 162.5 181.25 C165.951171875 181.25 168.75 178.451171875 168.75 175.0 L168.75 162.5 L181.25 162.5 C184.701171875 162.5 187.5 159.701171875 187.5 156.25 C187.5 152.798828125 184.701171875 150.0 181.25 150.0 Z""></path></svg>"
thesantatitan_deepseek-svg-dataset_0000581,Generate svg code for an image that looks like: a blue icon with a white arrow. Don't use markdown just give svg code,"<svg width=""24"" height=""24"" viewBox=""0 0 24 24"" fill=""none"" xmlns=""http://www.w3.org/2000/svg"">
  <rect width=""24"" height=""24"" fill=""#2196F3""/>
  <polygon points=""12 6 16 10 12 14 8 10"" fill=""#FFFFFF"" stroke=""#FFFFFF"" stroke-width=""2""/>
</svg>"
d342c3ca-4c5a-492f-9a93-1604bcb9a4b2,"An arrow pointing right emerges from a line loop, in a rounded square.","<svg fill=""none"" height=""128"" viewBox=""0 0 24 24"" width=""128"" xmlns=""http://www.w3.org/2000/svg""><g stroke=""#1c274c"" stroke-width=""1.5""><path d=""m2 12c0-4.71 0-7.07 1.46-8.54 1.47-1.46 3.83-1.46 8.54-1.46s7.07 0 8.54 1.46c1.46 1.47 1.46 3.83 1.46 8.54s0 7.07-1.46 8.54c-1.47 1.46-3.83 1.46-8.54 1.46s-7.07 0-8.54-1.46c-1.46-1.47-1.46-3.83-1.46-8.54z""/><path d=""m17.5 9.5h-7.54c-1.37 0-2.05 0-2.55.32-.23.15-.44.36-.59.59-.32.5-.32 1.18-.32 2.55s0 2.05.32 2.55c.15.24.36.44.59.59.5.32 1.18.32 2.55.32h4.54m3-6.92-2.25-2.08m2.25 2.08-2.25 2.08"" stroke-linecap=""round"" stroke-linejoin=""round""/></g></svg>"
977cd8ad18ae20da42de59594aafeaf3,"The image features a teal circular outline containing a solid teal star at its center, set against a white background.","<svg xmlns=""http://www.w3.org/2000/svg"" viewBox=""0.0 0.0 200.0 200.0"" height=""200.0px"" width=""200.0px""><path fill=""#009999"" fill-opacity=""1.0""  filling=""0"" d=""M135.25 121.30078125 L126.34960174560547 120.400390625 C125.94921875 120.400390625 125.44921875 120.0 125.048828125 119.50000762939453 L121.048828125 110.599609375 C120.14842987060547 108.80078125 118.349609375 108.80078125 117.44922637939453 110.599609375 L113.44921875 119.50000762939453 C113.44921875 119.900390625 112.548828125 120.400390625 112.150390625 120.400390625 L103.25 121.30078125 C101.951171875 121.701171875 100.55078125 124.0 102.34961700439453 124.900390625 L108.150390625 131.099609375 C108.55078887939453 132.0 108.55078887939453 132.900390625 108.55078887939453 133.30078125 L106.75 142.6015625 C106.75 144.400390625 108.55078887939453 145.701171875 109.849609375 144.80078125 L117.849609375 140.400390625 C118.25 140.0 119.150390625 140.0 119.650390625 140.400390625 L127.650390625 144.80078125 C129.44921875 145.701171875 131.25 143.900390625 130.75 142.6015625 L128.951171875 133.30078125 C128.951171875 132.0 128.951171875 131.501953125 129.3515625 131.099609375 L136.05078125 124.900390625 C137.55078125 123.900390625 136.650390625 121.30078125 135.25 121.30078125 Z""></path>
<path fill=""#009999"" fill-opacity=""1.0""  filling=""0"" d=""M147.716796875 98.8046875 A39.840431213378906 39.840431213378906 0.0 0 0 119.45117950439453 87.099609375 L119.15234375 87.099609375 C96.953125 87.30078125 79.3515625 104.99999237060547 79.3515625 127.099609375 A39.85702896118164 39.85702896118164 0.0 0 0 91.02734375 155.423828125 A39.868553161621094 39.868553161621094 0.0 0 0 119.3515625 167.099609375 C129.970703125 167.13671875 140.166015625 162.93359375 147.67578125 155.423828125 A39.868553161621094 39.868553161621094 0.0 0 0 159.3515625 127.099609375 A39.85039138793945 39.85039138793945 0.0 0 0 147.716796875 98.8046875 Z M119.349609375 158.19921875 C101.94921875 158.099609375 88.349609375 144.400390625 88.349609375 127.099609375 C88.349609375 109.80078125 102.05078125 96.099609375 119.349609375 96.0 C136.6484375 96.099609375 150.349609375 109.798828125 150.349609375 127.099609375 C150.349609375 144.400390625 136.75 158.099609375 119.349609375 158.19921875 Z""></path>
<path fill="""" fill-opacity=""1.0""  filling=""0"" d=""M160.451171875 12.5 L39.449214935302734 12.5 C28.79296875 12.5078125 20.158203125 21.142578125 20.1484375 31.798828125 L20.1484375 168.19921875 C20.15625 178.85546875 28.79296875 187.490234375 39.449214935302734 187.5 L160.548828125 187.5 C171.205078125 187.4921875 179.841796875 178.85546875 179.849609375 168.19921875 L179.849609375 31.798828125 C179.75 21.19921875 171.25 12.5 160.451171875 12.5 Z M169.650390625 168.19921875 L169.55078125 168.19921875 C169.53125 173.216796875 165.46875 177.279296875 160.451171875 177.298828125 L90.25 177.298828125 C89.94921875 177.19921875 89.650390625 177.19921875 89.25 177.19921875 L39.449214935302734 177.19921875 C34.43163299560547 177.1796875 30.369140625 173.1171875 30.349609375 168.09765625 L30.349609375 31.798828125 C30.349609375 26.79883575439453 34.44921875 22.69921875 39.449214935302734 22.69921875 L109.65038299560547 22.69921875 C109.951171875 22.798828125 110.25 22.798828125 110.65039825439453 22.798828125 L160.55078125 22.798828125 C165.55078125 22.798828125 169.650390625 26.8984375 169.650390625 31.8984375 L169.650390625 168.19921875 Z""></path>
<path fill="""" fill-opacity=""1.0""  filling=""0"" d=""M52.349609375 80.80078125 C49.537109375 80.787109375 47.261714935302734 78.51171875 47.249996185302734 75.701171875 C47.249996185302734 72.900390625 49.550785064697266 70.6015625 52.349609375 70.6015625 L101.548828125 70.6015625 C104.349609375 70.6015625 106.64842987060547 72.90234375 106.64842987060547 75.701171875 C106.64842987060547 78.501953125 104.34765625 80.80078125 101.548828125 80.80078125 L52.349609375 80.80078125 Z M52.349609375 52.999996185302734 C49.537109375 52.988277435302734 47.261714935302734 50.710941314697266 47.249996185302734 47.900390625 C47.249996185302734 45.099609375 49.550785064697266 42.800785064697266 52.349609375 42.800785064697266 L147.650390625 42.800785064697266 C150.44921875 42.800785064697266 152.75 45.101558685302734 152.75 47.900390625 C152.75 50.699214935302734 150.44921875 52.999996185302734 147.650390625 52.999996185302734 L52.349609375 52.999996185302734 Z""></path></svg>"
ea34197774066478981bd8867398bbf7,"A gray square icon with the text ""MOV"" and a small corner piece resembling a document.","<svg xmlns=""http://www.w3.org/2000/svg"" viewBox=""0.0 0.0 200.0 200.0"" height=""200.0px"" width=""200.0px""><path fill=""#999999"" fill-opacity=""1.0""  filling=""0"" d=""M143.78500366210938 18.73699951171875 L143.68800354003906 18.83300018310547 L143.68800354003906 18.76300048828125 L137.43899536132812 18.76300048828125 L31.188995361328125 18.76300048828125 C24.285003662109375 18.76300048828125 18.688995361328125 24.360000610351562 18.688995361328125 31.26300048828125 L18.688995361328125 168.76300048828125 C18.688995361328125 175.66700744628906 24.285003662109375 181.26300048828125 31.188995361328125 181.26300048828125 L168.68899536132812 181.26300048828125 C175.5919952392578 181.26300048828125 181.18899536132812 175.66700744628906 181.18899536132812 168.76300048828125 L181.18899536132812 56.26300048828125 L181.31100463867188 56.26300048828125 L143.78500366210938 18.73699951171875 Z M74.02899932861328 137.51300048828125 L68.3219985961914 137.51300048828125 L68.3219985961914 100.06800079345703 L55.321998596191406 137.51300048828125 L49.98099899291992 137.51300048828125 L37.04199981689453 99.4280014038086 L37.04199981689453 137.51300048828125 L31.334999084472656 137.51300048828125 L31.334999084472656 92.7750015258789 L40.24599838256836 92.7750015258789 L50.83599853515625 124.4520034790039 C51.8120002746582 127.4020004272461 52.52399826049805 129.60899353027344 52.97200012207031 131.07400512695312 C53.47999954223633 129.44700622558594 54.27399826049805 127.05599975585938 55.35300064086914 123.90299987792969 L66.06400299072266 92.7750015258789 L74.02899932861328 92.7750015258789 L74.02899932861328 137.51300048828125 Z M121.81999969482422 127.38099670410156 C119.98899841308594 130.96299743652344 117.3949966430664 133.67300415039062 114.03800201416016 135.51400756835938 C110.68099975585938 137.3560028076172 107.05899810791016 138.2760009765625 103.17400360107422 138.2760009765625 C98.96199798583984 138.2760009765625 95.197998046875 137.25900268554688 91.88200378417969 135.22500610351562 C88.56600189208984 133.19000244140625 86.0530014038086 130.41299438476562 84.34400177001953 126.89299774169922 C82.63500213623047 123.3740005493164 81.78099822998047 119.6510009765625 81.78099822998047 115.7239990234375 C81.78099822998047 108.2979965209961 83.77400207519531 102.48500061035156 87.76200103759766 98.28299713134766 C91.7490005493164 94.08200073242188 96.89700317382812 91.98100280761719 103.2040023803711 91.98100280761719 C107.33399963378906 91.98100280761719 111.05699920654297 92.96800231933594 114.3740005493164 94.94100189208984 C117.69000244140625 96.91500091552734 120.21800231933594 99.66699981689453 121.95700073242188 103.19599914550781 C123.6969985961914 106.72599792480469 124.56600189208984 110.72899627685547 124.56600189208984 115.20500183105469 C124.56600189208984 119.74199676513672 123.6510009765625 123.8010025024414 121.81999969482422 127.38099670410156 Z M151.05599975585938 137.51300048828125 L144.98300170898438 137.51300048828125 L127.64900207519531 92.77400207519531 L134.0570068359375 92.77400207519531 L145.68499755859375 125.2760009765625 C146.6199951171875 127.87999725341797 147.4040069580078 130.3209991455078 148.03399658203125 132.60000610351562 C148.7259979248047 130.1580047607422 149.52999877929688 127.71700286865234 150.44500732421875 125.2760009765625 L162.52999877929688 92.77400207519531 L168.572998046875 92.77400207519531 L151.05599975585938 137.51300048828125 Z M146.81300354003906 56.263999938964844 C145.08799743652344 56.263999938964844 143.68800354003906 54.86399841308594 143.68800354003906 53.138999938964844 L143.68800354003906 27.47900390625 L172.47300720214844 56.263999938964844 L146.81300354003906 56.263999938964844 Z M111.21499633789062 99.32099914550781 C108.84500122070312 97.82499694824219 106.18399810791016 97.0780029296875 103.23500061035156 97.0780029296875 C99.04299926757812 97.0780029296875 95.43800354003906 98.51699829101562 92.41600036621094 101.39600372314453 C89.3949966430664 104.2750015258789 87.88400268554688 109.08100128173828 87.88400268554688 115.81500244140625 C87.88400268554688 121.20700073242188 89.33399963378906 125.4540023803711 92.23300170898438 128.55599975585938 C95.13200378417969 131.65899658203125 98.76899719238281 133.2100067138672 103.14299774169922 133.2100067138672 C107.5989990234375 133.2100067138672 111.26599884033203 131.6439971923828 114.1449966430664 128.50999450683594 C117.02300262451172 125.37799835205078 118.46299743652344 120.93199920654297 118.46299743652344 115.17400360107422 C118.46299743652344 111.53299713134766 117.84700012207031 108.35399627685547 116.61699676513672 105.63800048828125 C115.38500213623047 102.9219970703125 113.58499908447266 100.81600189208984 111.21499633789062 99.32099914550781 Z""></path></svg>"
d9f21a475cb62d29fd3da82c729b3ba8,"The image features a stylized black silhouette of a crescent moon with wavy lines extending from the right side, set against a white background.","<svg xmlns=""http://www.w3.org/2000/svg"" viewBox=""0.0 0.0 200.0 200.0"" height=""200.0px"" width=""200.0px""><path fill="""" fill-opacity=""1.0""  filling=""0"" d=""M59.67422103881836 14.528121948242188 C47.09902572631836 29.407623291015625 37.765037536621094 46.786521911621094 32.375587463378906 65.49336242675781 C32.375587463378906 65.57148742675781 32.336517333984375 65.61054992675781 32.336517333984375 65.68867492675781 C16.988479614257812 72.01522827148438 6.248634338378906 87.09004211425781 6.248634338378906 104.66425323486328 C6.248634338378906 127.9404296875 25.150588989257812 146.8425750732422 48.4267578125 146.8425750732422 C71.70292663574219 146.8425750732422 90.6048812866211 127.9404296875 90.6048812866211 104.66425323486328 C90.6048812866211 83.7705078125 75.4130859375 66.4306640625 55.45644760131836 63.07206726074219 C61.587886810302734 46.747459411621094 71.23417663574219 31.98516082763672 83.6923828125 19.839454650878906 C84.39530944824219 19.214454650878906 85.25448608398438 18.824020385742188 86.1527328491211 18.628707885742188 C100.68086242675781 14.137496948242188 116.1070327758789 13.4345703125 130.98670959472656 16.597854614257812 C177.5779266357422 26.400390625 208.54766845703125 70.5703125 201.94744873046875 117.6693344116211 C198.6669921875 142.1169891357422 186.87265014648438 161.68301391601562 167.697265625 176.796875 C148.13125610351562 192.30116271972656 125.7144546508789 198.0031280517578 101.22753143310547 197.18280029296875 L91.85468292236328 196.79238891601562 C96.697265625 197.8859405517578 101.61815643310547 198.7060546875 106.53886413574219 199.25274658203125 C122.43379211425781 200.89297485351562 138.32870483398438 200.07286071777344 153.44256591796875 194.37109375 C190.1531219482422 180.5068359375 211.75 154.4189453125 217.0613250732422 115.28691101074219 C218.93594360351562 94.74472045898438 214.79627990722656 74.12422180175781 205.03280639648438 55.92519760131836 C177.53887939453125 4.4130859375 113.56855773925781 -14.996681213378906 62.095703125 12.497261047363281 C61.15840148925781 13.0439453125 60.33828353881836 13.707809448242188 59.635154724121094 14.528121948242188 L59.67422103881836 14.528121948242188 Z M120.83262634277344 169.45468139648438 C120.01249694824219 173.94590759277344 119.1923828125 178.00741577148438 115.13066101074219 181.6785125732422 C135.9074249267578 181.2880859375 163.2451171875 170.27481079101562 178.31991577148438 143.75723266601562 C193.82421875 116.4585952758789 193.0041046142578 89.12090301513672 175.8595733642578 62.60331726074219 C161.60488891601562 41.00663757324219 140.7890625 30.42304229736328 114.701171875 28.782615661621094 C115.28691101074219 29.680862426757812 115.95097351074219 30.50096893310547 116.73204040527344 31.2431640625 L118.7626953125 33.703521728515625 C128.56524658203125 45.927345275878906 133.44708251953125 60.221092224121094 135.4777374267578 75.68632507324219 C136.2980499267578 81.81777954101562 135.08729553222656 87.51972961425781 130.16641235351562 92.01094055175781 C128.5261688232422 93.22148895263672 128.1357421875 94.4712905883789 128.5261688232422 96.07245635986328 L131.3771514892578 102.9849624633789 L142.81991577148438 124.19120788574219 C144.85076904296875 128.6824188232422 144.46014404296875 131.923828125 140.3595733642578 135.20449829101562 C139.10977172851562 136.18084716796875 137.74298095703125 137.0009765625 136.2980499267578 137.6648406982422 L128.95587158203125 140.9453125 L130.16641235351562 146.2566375732422 C131.3771514892578 148.7169952392578 130.55703735351562 151.1384735107422 128.95587158203125 153.1691436767578 C127.9794921875 154.1064453125 127.47187805175781 155.4734344482422 127.7451171875 156.84022521972656 C128.56524658203125 161.33145141601562 126.92500305175781 164.57284545898438 122.86347198486328 166.6427764892578 C122.0433578491211 167.0334014892578 121.22325134277344 168.67364501953125 120.83262634277344 169.49374389648438 L120.83262634277344 169.45468139648438 Z M68.6566390991211 168.2439422607422 C75.1787109375 172.7351531982422 82.1302719116211 176.40625 89.43339538574219 178.43710327148438 C98.8062515258789 180.4677734375 105.7578125 175.97674560546875 106.96855926513672 166.60369873046875 C107.35897827148438 163.3232421875 108.99921417236328 160.90194702148438 111.85018920898438 159.69122314453125 C114.701171875 158.0509796142578 115.13066101074219 156.84022521972656 112.67031860351562 154.3798828125 L108.99921417236328 151.09942626953125 L114.310546875 149.4591827392578 C116.77108764648438 148.63906860351562 117.1615219116211 147.42831420898438 116.34141540527344 144.9679718017578 C115.79473114013672 143.79629516601562 115.40410614013672 142.54647827148438 115.13066101074219 141.296875 C113.92012023925781 135.59490966796875 114.310546875 135.16543579101562 119.62187194824219 133.95469665527344 C122.90253448486328 132.744140625 125.7533187866211 131.49432373046875 128.1748046875 129.0730438232422 C129.38534545898438 128.2529296875 129.38534545898438 127.43281555175781 128.56524658203125 125.79238891601562 L122.0433578491211 113.95918273925781 C121.6527328491211 113.2171859741211 121.22325134277344 112.47518920898438 120.83262634277344 111.7330093383789 C118.33320617675781 107.16387176513672 115.75566101074219 102.51640319824219 114.701171875 97.244140625 C113.88105010986328 93.57304382324219 114.310546875 90.33163452148438 117.98163604736328 87.87109375 C120.01249694824219 86.23086547851562 121.26229858398438 84.2001953125 121.26229858398438 81.3492202758789 C121.10604858398438 77.40469360351562 120.67636108398438 73.4212875366211 120.05155944824219 69.51581573486328 C117.59121704101562 54.831642150878906 111.06914520263672 42.60780715942383 100.0560531616211 32.414649963378906 C98.02519989013672 30.7744140625 96.38496398925781 29.954299926757812 93.53398895263672 30.7744140625 L79.630859375 35.73417663574219 L81.9740219116211 37.14023971557617 C84.43437194824219 38.58515548706055 86.7386703491211 39.9912109375 88.61328125 41.86581802368164 C100.44648742675781 52.05878448486328 104.93769836425781 65.9228515625 106.53886413574219 80.9976577758789 C106.92948913574219 84.27812194824219 106.53886413574219 87.51972961425781 103.68789672851562 89.55038452148438 C100.40742492675781 91.58125305175781 99.6263656616211 94.4322280883789 100.83711242675781 97.71269226074219 C102.75077819824219 102.86776733398438 104.89862823486328 107.8667984008789 107.35897827148438 112.7874984741211 L113.88105010986328 124.19120788574219 C111.42070007324219 127.47187805175781 108.56973266601562 128.6824188232422 105.32832336425781 129.89315795898438 C100.44648742675781 131.10369873046875 99.6263656616211 132.744140625 101.2666015625 138.0554656982422 C101.5009765625 138.64120483398438 101.81346893310547 139.14883422851562 102.08672332763672 139.69570922851562 C102.9068374633789 141.7263641357422 102.47734832763672 142.97618103027344 100.44648742675781 143.75723266601562 L95.5648422241211 144.9679718017578 L97.59550476074219 146.6082000732422 L99.2359390258789 148.24844360351562 C100.87617492675781 150.279296875 100.87617492675781 151.52890014648438 98.4156265258789 152.30996704101562 C95.5648422241211 153.9501953125 93.92461395263672 155.98104858398438 93.92461395263672 159.22265625 C93.92461395263672 164.1042938232422 91.0736312866211 166.95526123046875 86.5824203491211 168.5955047607422 C85.09844207763672 168.98593139648438 83.6142578125 169.18124389648438 82.09121704101562 168.98593139648438 L68.6175765991211 168.1658172607422 L68.6566390991211 168.2439422607422 Z""></path></svg>"
71c9fc47d49e39f870df6cd4b4114ede,A simple black silhouette of a person against a white background.,"<svg xmlns=""http://www.w3.org/2000/svg"" viewBox=""0.0 0.0 200.0 200.0"" height=""200.0px"" width=""200.0px""><path fill="""" fill-opacity=""1.0""  filling=""0"" d=""M136.7820281982422 50.44159698486328 C136.7820281982422 29.651168823242188 119.5810546875 12.798828125 98.3783187866211 12.798828125 C77.17597961425781 12.798828125 59.98222732543945 29.651168823242188 59.98222732543945 50.44159698486328 C59.98222732543945 51.48828125 60.208595275878906 52.468162536621094 60.301368713378906 53.49277114868164 C60.208595275878906 54.71035385131836 59.98222732543945 55.86465072631836 59.98222732543945 57.09335708618164 C59.98222732543945 81.55488586425781 77.17578125 101.38398742675781 98.3783187866211 101.38398742675781 C119.5810546875 101.38398742675781 136.7820281982422 81.55488586425781 136.7820281982422 57.09335708618164 C136.7820281982422 55.86465072631836 136.54452514648438 54.71035385131836 136.4552764892578 53.49277114868164 C136.54452514648438 52.468162536621094 136.7820281982422 51.48828125 136.7820281982422 50.44159698486328 Z M178.7082061767578 166.96640014648438 C178.7082061767578 166.96640014648438 173.5224609375 142.0519561767578 173.2626953125 140.58926391601562 C172.4572296142578 136.2091827392578 170.30429077148438 126.30585479736328 163.6414031982422 119.26055145263672 C159.7216796875 115.11054992675781 146.87460327148438 108.51815795898438 132.81387329101562 102.08183288574219 C123.623046875 111.42851257324219 111.6001968383789 117.16719055175781 98.3783187866211 117.16719055175781 C85.5908203125 117.16719055175781 73.89453125 111.82929229736328 64.830078125 102.99491882324219 C51.578514099121094 109.14179992675781 39.76347351074219 115.31855773925781 36.025394439697266 119.26055145263672 C29.3662109375 126.30585479736328 27.213478088378906 136.2091827392578 26.404098510742188 140.58926391601562 C26.13690948486328 142.0517578125 20.951370239257812 166.96640014648438 20.951370239257812 166.96640014648438 L19.3515625 176.283203125 C19.344139099121094 180.8415985107422 20.0791015625 181.27206420898438 22.484375 184.13027954101562 C25.242385864257812 187.404296875 29.1845703125 187.1220703125 29.1845703125 187.1220703125 L87.212890625 187.1220703125 L112.46151733398438 187.1220703125 L170.486328125 187.1220703125 C170.486328125 187.1220703125 174.4210968017578 187.404296875 177.1787109375 184.13027954101562 C179.5841827392578 181.27206420898438 180.3152313232422 180.8415985107422 180.3152313232422 176.283203125 L178.7082061767578 166.96640014648438 Z""></path></svg>"
11e216a11315f05fd843170e1792052f,A simple checkmark icon enclosed within a circle.,"<svg xmlns=""http://www.w3.org/2000/svg"" viewBox=""0.0 0.0 200.0 200.0"" height=""200.0px"" width=""200.0px""><path fill=""#272636"" fill-opacity=""1.0""  filling=""0"" d=""M103.05699920654297 9.739997863769531 C54.827999114990234 9.739997863769531 15.729995727539062 48.83700180053711 15.729995727539062 97.06600189208984 C15.729995727539062 145.29600524902344 54.827999114990234 184.39300537109375 103.05699920654297 184.39300537109375 C151.28599548339844 184.39300537109375 190.38299560546875 145.29600524902344 190.38299560546875 97.06700134277344 C190.38400268554688 48.83700180053711 151.28599548339844 9.739997863769531 103.05699920654297 9.739997863769531 Z M103.05699920654297 171.91799926757812 C61.71799850463867 171.91799926757812 28.20600128173828 138.406005859375 28.20600128173828 97.06700134277344 C28.20600128173828 55.72700119018555 61.71799850463867 22.214996337890625 103.05699920654297 22.214996337890625 C144.39599609375 22.214996337890625 177.9080047607422 55.72700119018555 177.9080047607422 97.06700134277344 C177.9080047607422 138.406005859375 144.39599609375 171.91799926757812 103.05699920654297 171.91799926757812 Z""></path>
<path fill=""#272636"" fill-opacity=""1.0""  filling=""0"" d=""M140.13900756835938 69.36499786376953 C138.68699645996094 69.36499786376953 137.33399963378906 69.90699768066406 136.3260040283203 70.89399719238281 L102.73999786376953 103.88600158691406 L90.48300170898438 115.88300323486328 L67.37699890136719 92.78299713134766 C66.36699676513672 91.77300262451172 64.99700164794922 91.21700286865234 63.520999908447266 91.21700286865234 C61.900001525878906 91.21700286865234 60.28499984741211 91.9020004272461 59.0890007019043 93.0979995727539 C56.71799850463867 95.47000122070312 56.57699966430664 99.18800354003906 58.775001525878906 101.38600158691406 L85.85199737548828 128.45599365234375 L85.86100006103516 128.46600341796875 C85.93099975585938 128.5469970703125 86.00199890136719 128.6280059814453 86.0770034790039 128.7050018310547 C86.19999694824219 128.83099365234375 86.33399963378906 128.95599365234375 86.4739990234375 129.0780029296875 C87.48300170898438 130.08200073242188 88.8489990234375 130.63499450683594 90.32099914550781 130.63499450683594 C90.36100006103516 130.63499450683594 90.4010009765625 130.63400268554688 90.44100189208984 130.6320037841797 C90.47799682617188 130.63400268554688 90.51499938964844 130.63499450683594 90.552001953125 130.63499450683594 C91.98699951171875 130.63499450683594 93.32599639892578 130.10499572753906 94.3270034790039 129.14300537109375 C94.4729995727539 129.02099609375 94.61599731445312 128.88999938964844 94.75299835205078 128.7530059814453 C94.85199737548828 128.6540069580078 94.93499755859375 128.5590057373047 95.00900268554688 128.47500610351562 L111.25199890136719 112.57599639892578 L144.83900451660156 79.58399963378906 C147.05999755859375 77.40899658203125 146.95899963378906 73.68900299072266 144.61300659179688 71.29299926757812 C143.41299438476562 70.06800079345703 141.7830047607422 69.36499786376953 140.13900756835938 69.36499786376953 Z""></path></svg>"
2ac8da07a4d82ceca422156ad8aaddce,A gray location pin icon with a circular base and a dark gray center on a white background.,"<svg xmlns=""http://www.w3.org/2000/svg"" viewBox=""0.0 0.0 200.0 200.0"" height=""200.0px"" width=""200.0px""><path fill=""#606060"" fill-opacity=""1.0""  filling=""0"" d=""M109.86328125 166.0546875 C108.75 167.65625 106.93359375 168.69140625 104.98046875 168.69140625 C103.02734375 168.69140625 101.19139862060547 167.67578125 100.07813262939453 166.0546875 C86.69921875 146.58203125 50.429691314697266 96.0546875 50.429691314697266 67.01171875 C50.429691314697266 36.93359375 74.84375 12.5390625 104.96094512939453 12.5390625 C135.078125 12.5390625 159.4921875 36.93359375 159.4921875 67.01171875 C159.4921875 96.0546875 123.2421875 146.5625 109.86328125 166.0546875 Z M104.96094512939453 45.234375 C92.91015625 45.234375 83.14453125 54.98046875 83.14453125 67.01171875 C83.14453125 79.04296875 92.91015625 88.80859375 104.96094512939453 88.80859375 C117.01171875 88.80859375 126.77734375 79.0625 126.77734375 67.01171875 C126.77734375 54.98046875 117.01171875 45.234375 104.96094512939453 45.234375 Z M79.51171875 154.16015625 L79.51171875 157.79296875 C69.70703125 160.87890625 64.9609375 165.29296875 64.9609375 168.69140625 C64.9609375 174.39453125 82.87109375 180.48828125 104.96094512939453 180.48828125 C127.05078125 180.48828125 144.9609375 174.39453125 144.9609375 168.69140625 C144.9609375 165.29296875 140.21484375 160.87890625 130.41015625 157.79296875 L130.41015625 154.16015625 C144.86328125 157.36328125 155.859375 162.1484375 155.859375 168.69140625 C155.859375 178.75 133.06640625 186.8359375 104.96094512939453 186.8359375 C76.85546875 186.8359375 54.062496185302734 178.75 54.062496185302734 168.69140625 C54.062496185302734 162.1484375 65.078125 157.36328125 79.51171875 154.16015625 Z""></path></svg>"
0e629ca90f9d3271dd224e2d6bd45b6e,A black-and-white icon depicting a secured window or application with three white dots at the top and a white lock symbol in the center.,"<svg xmlns=""http://www.w3.org/2000/svg"" viewBox=""0.0 0.0 200.0 200.0"" height=""200.0px"" width=""200.0px""><path fill="""" fill-opacity=""1.0""  filling=""0"" d=""M180.0 43.33340072631836 C180.0 30.46660614013672 169.53338623046875 20.0 156.66659545898438 20.0 L43.33340072631836 20.0 C30.46660614013672 20.0 20.0 30.46660614013672 20.0 43.33340072631836 L20.0 62.78007507324219 L180.0 62.78007507324219 L180.0 43.33340072631836 Z M44.680076599121094 45.82675552368164 A6.533398628234863 6.533398628234863 0.0 0 1 35.28007507324219 45.82675552368164 A6.653319835662842 6.653319835662842 0.0 0 1 35.28007507324219 36.4267578125 C38.113285064697266 33.593353271484375 42.85332107543945 34.133399963378906 44.680076599121094 36.4267578125 C47.02675247192383 38.54668045043945 47.61328125 43.05331802368164 44.680076599121094 45.82675552368164 Z M71.3466796875 45.82675552368164 A6.533398628234863 6.533398628234863 0.0 0 1 61.946678161621094 45.82675552368164 A6.653319835662842 6.653319835662842 0.0 0 1 61.946678161621094 36.4267578125 C65.0400390625 33.326759338378906 69.7867202758789 34.46659851074219 71.3466796875 36.4267578125 C73.91328430175781 38.74003982543945 74.0933609008789 43.22675323486328 71.3466796875 45.82675552368164 Z M98.0132827758789 45.82675552368164 A6.533398628234863 6.533398628234863 0.0 0 1 88.61328125 45.82675552368164 A6.653319835662842 6.653319835662842 0.0 0 1 88.61328125 36.4267578125 C91.7066421508789 33.326759338378906 96.45332336425781 34.46659851074219 98.0132827758789 36.4267578125 C100.58007049560547 38.74003982543945 100.75995635986328 43.22675323486328 98.0132827758789 45.82675552368164 Z M43.33340072631836 180.0 L156.66659545898438 180.0 C169.53338623046875 180.0 180.0 169.53338623046875 180.0 156.66659545898438 L180.0 76.11328125 L20.0 76.11328125 L20.0 156.66659545898438 C20.0 169.53338623046875 30.46660614013672 180.0 43.33340072631836 180.0 Z M101.2666015625 103.46660614013672 C110.46659851074219 103.46660614013672 117.93339538574219 111.0 117.93339538574219 120.1333999633789 C117.93339538574219 127.0 113.80000305175781 132.86659240722656 107.93340301513672 135.39999389648438 L107.93340301513672 146.0 C107.93340301513672 149.66661071777344 104.93339538574219 152.66659545898438 101.2666015625 152.66659545898438 C97.5999984741211 152.66659545898438 94.5999984741211 149.66661071777344 94.5999984741211 146.0 L94.5999984741211 135.39999389648438 C88.7333984375 132.86659240722656 84.5999984741211 127.0 84.5999984741211 120.1333999633789 C84.5999984741211 111.0 92.06660461425781 103.46660614013672 101.2666015625 103.46660614013672 Z""></path></svg>"
aec8cf441d1d214b9d19f5fbaac6ebfc,"The image consists of a single solid color, which is black, filling the entire frame.","<svg xmlns=""http://www.w3.org/2000/svg"" viewBox=""0.0 0.0 200.0 200.0"" height=""200.0px"" width=""200.0px""><path fill="""" fill-opacity=""1.0""  filling=""0"" d=""M136.66700744628906 190.0 L63.33300018310547 190.0 C52.0 190.0 43.33300018310547 181.33299255371094 43.33300018310547 170.0 L43.33300018310547 50.0 C43.33300018310547 38.66699981689453 52.0 30.0 63.33300018310547 30.0 L76.66699981689453 30.0 L76.66699981689453 13.333000183105469 C76.66699981689453 11.333000183105469 78.0 10.0 80.0 10.0 L120.0 10.0 C122.0 10.0 123.33300018310547 11.333000183105469 123.33300018310547 13.333000183105469 L123.33300018310547 30.0 L136.66700744628906 30.0 C148.0 30.0 156.66700744628906 38.66699981689453 156.66700744628906 50.0 L156.66700744628906 170.0 C156.66700744628906 181.33299255371094 148.0 190.0 136.66700744628906 190.0 Z M63.33300018310547 36.66699981689453 C56.0 36.66699981689453 50.0 42.66699981689453 50.0 50.0 L50.0 170.0 C50.0 177.33299255371094 56.0 183.33299255371094 63.33300018310547 183.33299255371094 L136.66700744628906 183.33299255371094 C144.0 183.33299255371094 150.0 177.33299255371094 150.0 170.0 L150.0 50.0 C150.0 42.66699981689453 144.0 36.66699981689453 136.66700744628906 36.66699981689453 L120.0 36.66699981689453 C118.0 36.66699981689453 116.66699981689453 35.33300018310547 116.66699981689453 33.33300018310547 L116.66699981689453 16.66699981689453 L83.33300018310547 16.66699981689453 L83.33300018310547 33.33300018310547 C83.33300018310547 35.33300018310547 82.0 36.66699981689453 80.0 36.66699981689453 L63.33300018310547 36.66699981689453 Z""></path>
<path fill="""" fill-opacity=""1.0""  filling=""0"" d=""M100.0 163.33299255371094 L99.33300018310547 163.33299255371094 C98.0 163.33299255371094 96.66699981689453 161.33299255371094 96.66699981689453 160.0 L96.66699981689453 123.33300018310547 L73.33300018310547 123.33300018310547 C72.0 123.33300018310547 71.33300018310547 122.66699981689453 70.66699981689453 122.0 C70.0 121.33300018310547 70.0 120.0 70.0 118.66699981689453 L96.66699981689453 52.0 C97.33300018310547 50.66699981689453 98.66699981689453 50.0 100.66699981689453 50.0 C102.0 50.0 103.33300018310547 52.0 103.33300018310547 53.33300018310547 L103.33300018310547 96.66699981689453 L126.66699981689453 96.66699981689453 C128.0 96.66699981689453 128.66700744628906 97.33300018310547 129.33299255371094 98.0 C130.0 98.66699981689453 130.0 100.0 129.33299255371094 101.33300018310547 L102.66699981689453 161.33299255371094 C102.66699981689453 162.66700744628906 101.33300018310547 163.33299255371094 100.0 163.33299255371094 Z M78.0 116.66699981689453 L100.0 116.66699981689453 C102.0 116.66699981689453 103.33300018310547 118.0 103.33300018310547 120.0 L103.33300018310547 144.0 L121.33300018310547 103.33300018310547 L100.0 103.33300018310547 C98.0 103.33300018310547 96.66699981689453 102.0 96.66699981689453 100.0 L96.66699981689453 70.66699981689453 L78.0 116.66699981689453 Z""></path></svg>"
2ba3a4f3f13af0614496304e93483150,"A black geometric symbol featuring a diagonal line crossing through a circular shape, set against a white background.","<svg xmlns=""http://www.w3.org/2000/svg"" viewBox=""0.0 0.0 200.0 200.0"" height=""200.0px"" width=""200.0px""><path fill=""#222222"" fill-opacity=""1.0""  filling=""0"" d=""M87.5 175.0 L0.0 175.0 L0.0 25.0 L97.4375 25.0 L122.4375 0.0 L200.0 0.0 L200.0 87.5 L187.5 87.5 L187.5 12.5 L127.5625 12.5 L102.5625 37.5 L12.5 37.5 L12.5 162.5 L87.5 162.5 L87.5 175.0 Z""></path>
<path fill=""#222222"" fill-opacity=""1.0""  filling=""0"" d=""M150.0 200.0 A50.0 50.0 0.0 1 1 200.0 150.0 A50.0 50.0 0.0 0 1 150.0 200.0 Z M150.0 112.5 A37.5 37.5 0.0 1 0 187.5 150.0 A37.5 37.5 0.0 0 0 150.0 112.5 Z""></path>
<path fill=""#222222"" fill-opacity=""1.0""  filling=""0"" d=""M113.59374237060547 177.57501220703125 L177.5812530517578 113.58125305175781 L186.42498779296875 122.42499542236328 L122.42499542236328 186.4187469482422 L113.59374237060547 177.57501220703125 Z""></path></svg>"
de0984c218b5250c21799e928d1acc2f,A simple line drawing of a trash can icon.,"<svg xmlns=""http://www.w3.org/2000/svg"" viewBox=""0.0 0.0 200.0 200.0"" height=""200.0px"" width=""200.0px""><path fill=""#383838"" fill-opacity=""1.0""  filling=""0"" d=""M163.3979949951172 66.25 C159.19900512695312 66.25 155.781005859375 69.4729995727539 155.781005859375 73.45700073242188 L155.781005859375 155.42999267578125 C155.781005859375 165.09800720214844 147.46099853515625 172.98800659179688 137.24600219726562 172.98800659179688 L62.53900146484375 172.98800659179688 C52.32400131225586 172.98800659179688 44.00400161743164 165.11700439453125 44.00400161743164 155.42999267578125 L44.00400161743164 73.45700073242188 C44.00400161743164 69.4729995727539 40.58599853515625 66.25 36.387001037597656 66.25 C32.18800354003906 66.25 28.770004272460938 69.4729995727539 28.770004272460938 73.45700073242188 L28.770004272460938 155.42999267578125 C28.770004272460938 173.0659942626953 43.92599868774414 187.40199279785156 62.558998107910156 187.40199279785156 L137.24600219726562 187.40199279785156 C155.87899780273438 187.40199279785156 171.03500366210938 173.0659942626953 171.03500366210938 155.42999267578125 L171.03500366210938 73.45700073242188 C171.01600646972656 69.4729995727539 167.59800720214844 66.25 163.3979949951172 66.25 Z M179.6479949951172 37.69499969482422 L140.31199645996094 37.69499969482422 L124.3949966430664 20.137001037597656 C120.11699676513672 15.430000305175781 113.88700103759766 12.714996337890625 107.3239974975586 12.714996337890625 L90.41000366210938 12.714996337890625 C83.41799926757812 12.714996337890625 76.9530029296875 15.7030029296875 72.65599822998047 20.917999267578125 L58.827999114990234 37.69499969482422 L20.11700439453125 37.69499969482422 C15.917999267578125 37.69499969482422 12.5 40.917999267578125 12.5 44.902000427246094 C12.5 48.887001037597656 15.917999267578125 52.10900115966797 20.11700439453125 52.10900115966797 L62.558998107910156 52.10900115966797 C64.9020004272461 52.10900115966797 67.12899780273438 51.09400177001953 68.5739974975586 49.33599853515625 L84.68800354003906 29.785003662109375 C86.0739974975586 28.104995727539062 88.16400146484375 27.128997802734375 90.41000366210938 27.128997802734375 L107.3239974975586 27.128997802734375 C109.4530029296875 27.128997802734375 111.46499633789062 28.00799560546875 112.85199737548828 29.53099822998047 L131.03500366210938 49.60900115966797 C132.47999572753906 51.21099853515625 134.58999633789062 52.12900161743164 136.8159942626953 52.12900161743164 L179.6479949951172 52.12900161743164 C183.84800720214844 52.12900161743164 187.26600646972656 48.90599822998047 187.26600646972656 44.922000885009766 C187.26600646972656 40.9379997253418 183.84800720214844 37.69499969482422 179.6479949951172 37.69499969482422 Z M87.34400177001953 147.36300659179688 L87.34400177001953 82.0510025024414 C87.34400177001953 78.06600189208984 83.9260025024414 74.84400177001953 79.72699737548828 74.84400177001953 C75.5270004272461 74.84400177001953 72.10900115966797 78.06600189208984 72.10900115966797 82.0510025024414 L72.10900115966797 147.36300659179688 C72.10900115966797 151.34800720214844 75.5270004272461 154.57000732421875 79.72699737548828 154.57000732421875 C83.94499969482422 154.58999633789062 87.34400177001953 151.34800720214844 87.34400177001953 147.36300659179688 Z M127.65599822998047 147.36300659179688 L127.65599822998047 82.0510025024414 C127.65599822998047 78.06600189208984 124.23799896240234 74.84400177001953 120.03900146484375 74.84400177001953 C115.81999969482422 74.84400177001953 112.4219970703125 78.06600189208984 112.4219970703125 82.0510025024414 L112.4219970703125 147.36300659179688 C112.4219970703125 151.34800720214844 115.83999633789062 154.57000732421875 120.03900146484375 154.57000732421875 C124.23799896240234 154.58999633789062 127.65599822998047 151.34800720214844 127.65599822998047 147.36300659179688 Z""></path></svg>"
035c89f2cb7ec28118b9b0763424907d,A grayscale icon of a trash bin with a lid and vertical lines on its body.,"<svg xmlns=""http://www.w3.org/2000/svg"" viewBox=""0.0 0.0 200.0 200.0"" height=""200.0px"" width=""200.0px""><path fill=""#4D4D4D"" fill-opacity=""1.0""  filling=""0"" d=""M139.89004516601562 54.640037536621094 A4.490039348602295 4.490039348602295 0.0 0 1 135.39004516601562 50.14004135131836 L135.39004516601562 33.00000762939453 A9.590039253234863 9.590039253234863 0.0 0 0 125.80995178222656 23.419921875 L74.1900405883789 23.419921875 A9.590039253234863 9.590039253234863 0.0 0 0 64.6099624633789 33.00000762939453 L64.6099624633789 50.14004135131836 A4.5 4.5 0.0 0 1 55.60995864868164 50.14004135131836 L55.60995864868164 33.00000762939453 A18.600000381469727 18.600000381469727 0.0 0 1 74.1900405883789 14.390037536621094 L125.80995178222656 14.390037536621094 A18.600000381469727 18.600000381469727 0.0 0 1 144.39002990722656 33.00000762939453 L144.39002990722656 50.14004135131836 A4.5 4.5 0.0 0 1 139.89004516601562 54.640037536621094 Z""></path>
<path fill=""#4D4D4D"" fill-opacity=""1.0""  filling=""0"" d=""M134.68008422851562 185.60995483398438 L65.31991577148438 185.60995483398438 A23.450000762939453 23.450000762939453 0.0 0 1 41.900001525878906 162.19004821777344 L41.900001525878906 50.19003677368164 A4.5 4.5 0.0 0 1 50.900001525878906 50.19003677368164 L50.900001525878906 162.19004821777344 A14.440038681030273 14.440038681030273 0.0 0 0 65.31991577148438 176.60995483398438 L134.68008422851562 176.60995483398438 A14.440038681030273 14.440038681030273 0.0 0 0 149.10000610351562 162.19004821777344 L149.10000610351562 50.19003677368164 A4.5 4.5 0.0 0 1 158.10000610351562 50.19003677368164 L158.10000610351562 162.19004821777344 A23.450000762939453 23.450000762939453 0.0 0 1 134.68008422851562 185.60995483398438 Z""></path>
<path fill=""#4D4D4D"" fill-opacity=""1.0""  filling=""0"" d=""M171.81991577148438 54.640037536621094 L28.180076599121094 54.640037536621094 A4.5 4.5 0.0 1 1 28.180076599121094 45.640037536621094 L171.81991577148438 45.640037536621094 A4.5 4.5 0.0 0 1 171.81991577148438 54.640037536621094 Z M75.80000305175781 147.55996704101562 A4.490039348602295 4.490039348602295 0.0 0 1 71.30000305175781 143.05995178222656 L71.30000305175781 84.580078125 A4.5 4.5 0.0 0 1 80.29999542236328 84.580078125 L80.29999542236328 143.05995178222656 A4.5 4.5 0.0 0 1 75.80000305175781 147.55996704101562 Z M100.0 147.55996704101562 A4.490039348602295 4.490039348602295 0.0 0 1 95.5 143.05995178222656 L95.5 84.580078125 A4.5 4.5 0.0 1 1 104.49999237060547 84.580078125 L104.49999237060547 143.05995178222656 A4.490039348602295 4.490039348602295 0.0 0 1 100.0 147.55996704101562 Z M124.19999694824219 147.55996704101562 A4.5 4.5 0.0 0 1 119.70000457763672 143.05995178222656 L119.70000457763672 84.580078125 A4.5 4.5 0.0 1 1 128.6999969482422 84.580078125 L128.6999969482422 143.05995178222656 A4.490039348602295 4.490039348602295 0.0 0 1 124.19999694824219 147.55996704101562 Z""></path></svg>"
4368171726accb70f7e5e2dcf7cc1c00,"A simple, green line drawing of a potted cactus with a tired or sleepy expression.","<svg xmlns=""http://www.w3.org/2000/svg"" viewBox=""0.0 0.0 200.0 200.0"" height=""200.0px"" width=""200.0px""><path fill=""#389B60"" fill-opacity=""1.0""  filling=""0"" d=""M97.71499633789062 2.53900146484375 L102.4020004272461 2.53900146484375 L102.4020004272461 30.487998962402344 L97.71499633789062 30.487998962402344 L97.71499633789062 2.53900146484375 Z""></path>
<path fill=""#389B60"" fill-opacity=""1.0""  filling=""0"" d=""M57.62900161743164 17.121002197265625 L75.59500122070312 38.53099822998047 L72.00399780273438 41.54399871826172 L54.03900146484375 20.13500213623047 L57.62900161743164 17.121002197265625 Z""></path>
<path fill=""#389B60"" fill-opacity=""1.0""  filling=""0"" d=""M32.71099853515625 57.07899856567383 L60.236000061035156 61.930999755859375 L59.422000885009766 66.5479965209961 L31.897003173828125 61.69599914550781 L32.71099853515625 57.07899856567383 Z""></path>
<path fill=""#389B60"" fill-opacity=""1.0""  filling=""0"" d=""M167.3939971923828 57.077999114990234 L168.20799255371094 61.694000244140625 L140.6840057373047 66.54900360107422 L139.86900329589844 61.93299865722656 L167.3939971923828 57.077999114990234 Z""></path>
<path fill=""#389B60"" fill-opacity=""1.0""  filling=""0"" d=""M142.468994140625 17.130996704101562 L146.0590057373047 20.143997192382812 L128.093994140625 41.553001403808594 L124.50299835205078 38.540000915527344 L142.468994140625 17.130996704101562 Z""></path>
<path fill=""#FFFFFF"" fill-opacity=""1.0""  filling=""0"" d=""M55.44900131225586 71.3280029296875 A44.60900115966797 44.60900115966797 0.0 1 0 144.66799926757812 71.3280029296875 A44.60900115966797 44.60900115966797 0.0 1 0 55.44900131225586 71.3280029296875 Z""></path>
<path fill=""#389B60"" fill-opacity=""1.0""  filling=""0"" d=""M100.05899810791016 118.28099822998047 C87.5199966430664 118.28099822998047 75.7229995727539 113.39800262451172 66.8550033569336 104.53099822998047 C57.987998962402344 95.66400146484375 53.10499954223633 83.86699676513672 53.10499954223633 71.3280029296875 C53.10499954223633 58.78900146484375 57.987998962402344 46.992000579833984 66.8550033569336 38.125 C75.7229995727539 29.25799560546875 87.5199966430664 24.375 100.05899810791016 24.375 C112.5979995727539 24.375 124.3949966430664 29.25799560546875 133.26199340820312 38.125 C142.12899780273438 46.992000579833984 147.01199340820312 58.78900146484375 147.01199340820312 71.3280029296875 C147.01199340820312 83.86699676513672 142.12899780273438 95.66400146484375 133.26199340820312 104.53099822998047 C124.3949966430664 113.39800262451172 112.5979995727539 118.28099822998047 100.05899810791016 118.28099822998047 Z M100.05899810791016 29.061996459960938 C88.7699966430664 29.061996459960938 78.16400146484375 33.457000732421875 70.1760025024414 41.44499969482422 C62.1879997253418 49.433998107910156 57.792999267578125 60.03900146484375 57.792999267578125 71.3280029296875 C57.792999267578125 82.61699676513672 62.1879997253418 93.2229995727539 70.1760025024414 101.21099853515625 C78.16400146484375 109.1989974975586 88.7699966430664 113.59400177001953 100.05899810791016 113.59400177001953 C111.3479995727539 113.59400177001953 121.9530029296875 109.1989974975586 129.9409942626953 101.21099853515625 C137.92999267578125 93.2229995727539 142.32400512695312 82.61699676513672 142.32400512695312 71.3280029296875 C142.32400512695312 60.03900146484375 137.92999267578125 49.433998107910156 129.9409942626953 41.44499969482422 C121.9530029296875 33.457000732421875 111.3479995727539 29.061996459960938 100.05899810791016 29.061996459960938 Z""></path>
<path fill=""#389B60"" fill-opacity=""1.0""  filling=""0"" d=""M77.94100189208984 45.974998474121094 L83.77300262451172 61.183998107910156 L79.39600372314453 62.86199951171875 L73.56500244140625 47.65399932861328 L77.94100189208984 45.974998474121094 Z""></path>
<path fill=""#389B60"" fill-opacity=""1.0""  filling=""0"" d=""M105.19499969482422 38.49599838256836 L106.97799682617188 42.83100128173828 L92.03800201416016 48.97200012207031 L90.25599670410156 44.637001037597656 L105.19499969482422 38.49599838256836 Z""></path>
<path fill=""#389B60"" fill-opacity=""1.0""  filling=""0"" d=""M107.15599822998047 52.334999084472656 L121.87200164794922 59.93600082397461 L119.72100067138672 64.0999984741211 L105.00499725341797 56.5 L107.15599822998047 52.334999084472656 Z""></path>
<path fill=""#389B60"" fill-opacity=""1.0""  filling=""0"" d=""M102.63800048828125 115.68399810791016 L107.04299926757812 117.28700256347656 L97.48400115966797 143.55099487304688 L93.0790023803711 141.947998046875 L102.63800048828125 115.68399810791016 Z""></path>
<path fill=""#389B60"" fill-opacity=""1.0""  filling=""0"" d=""M97.4800033569336 115.68699645996094 L107.03900146484375 141.9499969482422 L102.63400268554688 143.5540008544922 L93.07499694824219 117.29000091552734 L97.4800033569336 115.68699645996094 Z""></path>
<path fill=""#FFFFFF"" fill-opacity=""1.0""  filling=""0"" d=""M36.972999572753906 81.1719970703125 L163.14500427246094 81.1719970703125 L163.14500427246094 105.19499969482422 L36.972999572753906 105.19499969482422 L36.972999572753906 81.1719970703125 Z""></path>
<path fill=""#389B60"" fill-opacity=""1.0""  filling=""0"" d=""M165.48800659179688 107.53900146484375 L34.628997802734375 107.53900146484375 L34.628997802734375 78.8280029296875 L165.48800659179688 78.8280029296875 L165.48800659179688 107.53900146484375 Z M39.316001892089844 102.85199737548828 L160.80099487304688 102.85199737548828 L160.80099487304688 83.51599884033203 L39.316001892089844 83.51599884033203 L39.316001892089844 102.85199737548828 Z""></path>
<path fill=""#FFFFFF"" fill-opacity=""1.0""  filling=""0"" d=""M140.03900146484375 196.07400512695312 L60.058998107910156 196.07400512695312 L46.542999267578125 105.19499969482422 L153.55499267578125 105.19499969482422 L140.03900146484375 196.07400512695312 Z""></path>
<path fill=""#389B60"" fill-opacity=""1.0""  filling=""0"" d=""M142.07000732421875 198.41799926757812 L58.047000885009766 198.41799926757812 L43.827999114990234 102.87100219726562 L156.27000427246094 102.87100219726562 L142.07000732421875 198.41799926757812 Z M62.09000015258789 193.72999572753906 L138.02699279785156 193.72999572753906 L150.83999633789062 107.55899810791016 L49.257999420166016 107.55899810791016 L62.09000015258789 193.72999572753906 Z""></path></svg>"
